<application>
  <component name="SettingsSyncPlugins">
    <option name="plugins">
      <map>
        <entry key="AngularJS">
          <value>
            <PluginData>
              <option name="dependencies">
                <set>
                  <option value="JavaScript" />
                  <option value="com.intellij.modules.platform" />
                </set>
              </option>
              <option name="enabled" value="false" />
            </PluginData>
          </value>
        </entry>
        <entry key="DevKit">
          <value>
            <PluginData>
              <option name="dependencies">
                <set>
                  <option value="com.intellij.modules.java" />
                  <option value="com.intellij.modules.json" />
                  <option value="com.intellij.properties" />
                </set>
              </option>
              <option name="enabled" value="false" />
            </PluginData>
          </value>
        </entry>
        <entry key="GlassFish">
          <value>
            <PluginData>
              <option name="dependencies">
                <set>
                  <option value="com.intellij.javaee" />
                  <option value="com.intellij.javaee.app.servers.integration" />
                </set>
              </option>
              <option name="enabled" value="false" />
            </PluginData>
          </value>
        </entry>
        <entry key="GsonFormatPlus">
          <value>
            <PluginData>
              <option name="dependencies">
                <set>
                  <option value="com.intellij.modules.java" />
                </set>
              </option>
            </PluginData>
          </value>
        </entry>
        <entry key="JBoss">
          <value>
            <PluginData>
              <option name="dependencies">
                <set>
                  <option value="com.intellij.javaee" />
                  <option value="com.intellij.javaee.app.servers.integration" />
                </set>
              </option>
              <option name="enabled" value="false" />
            </PluginData>
          </value>
        </entry>
        <entry key="JSIntentionPowerPack">
          <value>
            <PluginData>
              <option name="dependencies">
                <set>
                  <option value="JavaScript" />
                  <option value="com.intellij.modules.xml" />
                </set>
              </option>
              <option name="enabled" value="false" />
            </PluginData>
          </value>
        </entry>
        <entry key="JavaScriptDebugger">
          <value>
            <PluginData>
              <option name="enabled" value="false" />
            </PluginData>
          </value>
        </entry>
        <entry key="MavenRunHelper">
          <value>
            <PluginData>
              <option name="dependencies">
                <set>
                  <option value="com.intellij.modules.java" />
                  <option value="org.jetbrains.idea.maven" />
                </set>
              </option>
            </PluginData>
          </value>
        </entry>
        <entry key="NodeJS">
          <value>
            <PluginData>
              <option name="dependencies">
                <set>
                  <option value="JavaScript" />
                  <option value="JavaScriptDebugger" />
                  <option value="com.intellij.modules.lang" />
                </set>
              </option>
              <option name="enabled" value="false" />
            </PluginData>
          </value>
        </entry>
        <entry key="TestNG-J">
          <value>
            <PluginData>
              <option name="dependencies">
                <set>
                  <option value="com.intellij.modules.java" />
                </set>
              </option>
              <option name="enabled" value="false" />
            </PluginData>
          </value>
        </entry>
        <entry key="W3Validators">
          <value>
            <PluginData>
              <option name="enabled" value="false" />
            </PluginData>
          </value>
        </entry>
        <entry key="cn.yiiguxing.plugin.translate">
          <value>
            <PluginData />
          </value>
        </entry>
        <entry key="com.alibaba.p3c.smartfox">
          <value>
            <PluginData>
              <option name="dependencies">
                <set>
                  <option value="com.intellij.modules.lang" />
                  <option value="com.intellij.modules.platform" />
                  <option value="com.intellij.modules.vcs" />
                  <option value="com.intellij.modules.xdebugger" />
                  <option value="com.intellij.modules.xml" />
                </set>
              </option>
            </PluginData>
          </value>
        </entry>
        <entry key="com.baomidou.plugin.idea.mybatisx">
          <value>
            <PluginData>
              <option name="dependencies">
                <set>
                  <option value="com.intellij.modules.java" />
                </set>
              </option>
            </PluginData>
          </value>
        </entry>
        <entry key="com.biyusheng.plugins">
          <value>
            <PluginData>
              <option name="dependencies">
                <set>
                  <option value="com.intellij.modules.java" />
                  <option value="com.intellij.modules.platform" />
                </set>
              </option>
              <option name="enabled" value="false" />
            </PluginData>
          </value>
        </entry>
        <entry key="com.dong.plugin.id">
          <value>
            <PluginData>
              <option name="dependencies">
                <set>
                  <option value="com.intellij.modules.lang" />
                </set>
              </option>
              <option name="enabled" value="false" />
            </PluginData>
          </value>
        </entry>
        <entry key="com.haojiyou.CharAutoReplace">
          <value>
            <PluginData>
              <option name="dependencies">
                <set>
                  <option value="com.intellij.modules.lang" />
                  <option value="com.intellij.modules.platform" />
                </set>
              </option>
            </PluginData>
          </value>
        </entry>
        <entry key="com.intellij.CloudConfig">
          <value>
            <PluginData>
              <option name="dependencies">
                <set>
                  <option value="com.intellij.modules.ultimate" />
                </set>
              </option>
              <option name="enabled" value="false" />
            </PluginData>
          </value>
        </entry>
        <entry key="com.intellij.laf.win10">
          <value>
            <PluginData>
              <option name="enabled" value="false" />
            </PluginData>
          </value>
        </entry>
        <entry key="com.intellij.plugins.eclipsekeymap">
          <value>
            <PluginData>
              <option name="dependencies">
                <set>
                  <option value="com.intellij.modules.lang" />
                </set>
              </option>
              <option name="enabled" value="false" />
            </PluginData>
          </value>
        </entry>
        <entry key="com.intellij.plugins.netbeanskeymap">
          <value>
            <PluginData>
              <option name="dependencies">
                <set>
                  <option value="com.intellij.modules.lang" />
                </set>
              </option>
              <option name="enabled" value="false" />
            </PluginData>
          </value>
        </entry>
        <entry key="com.intellij.plugins.visualstudiokeymap">
          <value>
            <PluginData>
              <option name="dependencies">
                <set>
                  <option value="com.intellij.modules.lang" />
                </set>
              </option>
              <option name="enabled" value="false" />
            </PluginData>
          </value>
        </entry>
        <entry key="com.intellij.uiDesigner">
          <value>
            <PluginData>
              <option name="dependencies">
                <set>
                  <option value="com.intellij.java-i18n" />
                  <option value="com.intellij.properties" />
                </set>
              </option>
              <option name="enabled" value="false" />
            </PluginData>
          </value>
        </entry>
        <entry key="com.itangcent.idea.plugin.easy-api">
          <value>
            <PluginData>
              <option name="enabled" value="false" />
            </PluginData>
          </value>
        </entry>
        <entry key="com.itangcent.idea.plugin.easy-yapi">
          <value>
            <PluginData />
          </value>
        </entry>
        <entry key="com.jetbrains.codeWithMe">
          <value>
            <PluginData>
              <option name="dependencies">
                <set>
                  <option value="com.intellij.modules.platform" />
                  <option value="com.jetbrains.projector.libs" />
                </set>
              </option>
              <option name="enabled" value="false" />
            </PluginData>
          </value>
        </entry>
        <entry key="com.jetbrains.idea.refactoring.detector">
          <value>
            <PluginData>
              <option name="dependencies">
                <set>
                  <option value="Git4Idea" />
                  <option value="com.intellij.modules.java" />
                  <option value="com.intellij.modules.lang" />
                  <option value="com.intellij.modules.platform" />
                  <option value="org.jetbrains.kotlin" />
                </set>
              </option>
              <option name="enabled" value="false" />
            </PluginData>
          </value>
        </entry>
        <entry key="com.jetbrains.performancePlugin.kotlin">
          <value>
            <PluginData>
              <option name="enabled" value="false" />
            </PluginData>
          </value>
        </entry>
        <entry key="com.jetbrains.space">
          <value>
            <PluginData>
              <option name="enabled" value="false" />
            </PluginData>
          </value>
        </entry>
        <entry key="com.mars.genAllSetter.genAllSetter">
          <value>
            <PluginData>
              <option name="dependencies">
                <set>
                  <option value="com.intellij.modules.java" />
                  <option value="com.intellij.modules.lang" />
                  <option value="com.intellij.modules.platform" />
                </set>
              </option>
            </PluginData>
          </value>
        </entry>
        <entry key="com.nasller.CodeGlancePro">
          <value>
            <PluginData>
              <option name="dependencies">
                <set>
                  <option value="com.intellij.modules.lang" />
                  <option value="com.intellij.modules.vcs" />
                </set>
              </option>
            </PluginData>
          </value>
        </entry>
        <entry key="com.pzxm.mysql-log">
          <value>
            <PluginData>
              <option name="dependencies">
                <set>
                  <option value="com.intellij.modules.java" />
                  <option value="com.intellij.modules.lang" />
                  <option value="com.intellij.modules.platform" />
                </set>
              </option>
              <option name="enabled" value="false" />
            </PluginData>
          </value>
        </entry>
        <entry key="com.sjhy.plugin.easycode">
          <value>
            <PluginData>
              <option name="dependencies">
                <set>
                  <option value="com.intellij.database" />
                  <option value="com.intellij.modules.java" />
                  <option value="com.intellij.modules.lang" />
                </set>
              </option>
            </PluginData>
          </value>
        </entry>
        <entry key="com.starxg.mybatis-log-plugin-free">
          <value>
            <PluginData>
              <option name="dependencies">
                <set>
                  <option value="com.intellij.modules.platform" />
                </set>
              </option>
              <option name="enabled" value="false" />
            </PluginData>
          </value>
        </entry>
        <entry key="cucumber-groovy">
          <value>
            <PluginData>
              <option name="dependencies">
                <set>
                  <option value="cucumber-java" />
                  <option value="gherkin" />
                  <option value="org.intellij.groovy" />
                </set>
              </option>
              <option name="enabled" value="false" />
            </PluginData>
          </value>
        </entry>
        <entry key="cucumber-java">
          <value>
            <PluginData>
              <option name="dependencies">
                <set>
                  <option value="JUnit" />
                  <option value="com.intellij.modules.java" />
                  <option value="gherkin" />
                </set>
              </option>
              <option name="enabled" value="false" />
            </PluginData>
          </value>
        </entry>
        <entry key="intellij.ktor">
          <value>
            <PluginData>
              <option name="dependencies">
                <set>
                  <option value="com.intellij.externalSystem.dependencyUpdater" />
                  <option value="com.intellij.microservices.jvm" />
                  <option value="com.intellij.modules.java" />
                  <option value="com.intellij.modules.platform" />
                  <option value="com.intellij.modules.ultimate" />
                  <option value="com.intellij.properties" />
                  <option value="org.intellij.plugins.markdown" />
                  <option value="org.jetbrains.kotlin" />
                </set>
              </option>
              <option name="enabled" value="false" />
            </PluginData>
          </value>
        </entry>
        <entry key="izhangzhihao.rainbow.brackets">
          <value>
            <PluginData>
              <option name="dependencies">
                <set>
                  <option value="com.intellij.modules.lang" />
                </set>
              </option>
              <option name="enabled" value="false" />
            </PluginData>
          </value>
        </entry>
        <entry key="org.jetbrains.android">
          <value>
            <PluginData>
              <option name="dependencies">
                <set>
                  <option value="JUnit" />
                  <option value="com.android.tools.idea.smali" />
                  <option value="com.intellij.gradle" />
                  <option value="com.intellij.modules.java" />
                  <option value="com.intellij.modules.java-capable" />
                  <option value="com.intellij.platform.images" />
                  <option value="com.intellij.properties" />
                  <option value="intellij.webp" />
                  <option value="org.intellij.groovy" />
                  <option value="org.intellij.intelliLang" />
                  <option value="org.jetbrains.idea.gradle.dsl" />
                  <option value="org.jetbrains.kotlin" />
                  <option value="org.jetbrains.plugins.gradle" />
                </set>
              </option>
              <option name="enabled" value="false" />
            </PluginData>
          </value>
        </entry>
        <entry key="org.jetbrains.kotlin">
          <value>
            <PluginData>
              <option name="enabled" value="false" />
            </PluginData>
          </value>
        </entry>
        <entry key="org.jetbrains.plugins.less">
          <value>
            <PluginData>
              <option name="enabled" value="false" />
            </PluginData>
          </value>
        </entry>
        <entry key="org.jetbrains.plugins.sass">
          <value>
            <PluginData>
              <option name="dependencies">
                <set>
                  <option value="com.intellij.css" />
                  <option value="com.intellij.modules.lang" />
                </set>
              </option>
              <option name="enabled" value="false" />
            </PluginData>
          </value>
        </entry>
        <entry key="org.jetbrains.plugins.stylus">
          <value>
            <PluginData>
              <option name="dependencies">
                <set>
                  <option value="com.intellij.css" />
                  <option value="com.intellij.modules.lang" />
                </set>
              </option>
              <option name="enabled" value="false" />
            </PluginData>
          </value>
        </entry>
        <entry key="spy-js">
          <value>
            <PluginData>
              <option name="dependencies">
                <set>
                  <option value="JavaScript" />
                  <option value="JavaScriptDebugger" />
                  <option value="com.intellij.modules.xml" />
                </set>
              </option>
              <option name="enabled" value="false" />
            </PluginData>
          </value>
        </entry>
        <entry key="training">
          <value>
            <PluginData>
              <option name="enabled" value="false" />
            </PluginData>
          </value>
        </entry>
        <entry key="training.git">
          <value>
            <PluginData>
              <option name="dependencies">
                <set>
                  <option value="Git4Idea" />
                  <option value="com.intellij.modules.lang" />
                  <option value="training" />
                </set>
              </option>
              <option name="enabled" value="false" />
            </PluginData>
          </value>
        </entry>
      </map>
    </option>
  </component>
</application>