<application>
  <component name="AppStorage">
    <histories>
      <item value="Taxpayer" />
      <item value="insert Service Item When Item Not Exist" />
      <item value="insurance Cover" />
      <item value="起讫" />
      <item value="commencement" />
      <item value="departure" />
      <item value="VESSEL" />
      <item value="sailing time" />
      <item value="refrigeration" />
      <item value="waybill" />
      <item value="海关准予放行" />
      <item value="Boolean method 'isBondexInnerUser' is always inverted" />
      <item value="transport" />
      <item value="RECEIVED SUCCESSFULLY" />
      <item value="PRIMARY DATA TRANSFER SUCCEEDED" />
      <item value="CUSTOMS INSPECTION FAILED" />
      <item value="Conveyance reference number" />
      <item value="COMMA" />
      <item value="tracking Status DTO.setsta" />
    </histories>
    <option name="languageScores">
      <map>
        <entry key="CHINESE" value="15" />
        <entry key="ENGLISH" value="16" />
        <entry key="FRISIAN" value="1" />
      </map>
    </option>
  </component>
  <component name="Cache">
    <option name="lastTrimTime" value="1653643955537" />
  </component>
</application>